id,name,company,country
1,Amber Carson,Higgins-Morgan,Sao Tome and Principe
2,Jennifer Dunn,"Johnson, Nelson and Hernandez",Philippines
3,Veronica Monroe,"Roberts, Foster and Kelley",Cook Islands
4,Adrian Herring,Wilson-Cross,British Indian Ocean Territory (Chagos Archipelago)
5,Aaron Smith,Parker PLC,Luxembourg
6,Veronica Lowe,"Jones, Powell and Murphy",Indonesia
7,Cheryl Franklin,Rodriguez-Hoffman,Equatorial Guinea
8,Eric Barker,Wells-Randall,Cote d'Ivoire
9,John Livingston,Martinez-Wilson,Norway
10,Alison Sloan,Simmons-Turner,Armenia
11,Ashley Scott,"Mcdaniel, Moore and Jackson",Yemen
12,Ruth Newman,"Bennett, Villegas and Fowler",South Georgia and the South Sandwich Islands
13,Christopher York,Morton and Sons,Cuba
14,Daniel Green,"Walker, Cruz and Garcia",Niger
15,Jacob Bradley,"Stone, West and Burns",Cameroon
16,Sarah Ali,"Klein, Robinson and Miller",Bosnia and Herzegovina
17,Kathleen Schneider,Hinton LLC,Congo
18,Jeffrey Savage,"Waters, Reynolds and Howard",Kuwait
19,James Carter,Short Ltd,Honduras
20,Devon Morgan,Leach Group,Guyana
